{
  "Enter Login Cre-and Login-2" : {
    "transaction" : "Enter Login Cre-and Login-2",
    "sampleCount" : 10,
    "errorCount" : 10,
    "errorPct" : 100.0,
    "meanResTime" : 311.5,
    "medianResTime" : 309.0,
    "minResTime" : 284.0,
    "maxResTime" : 334.0,
    "pct1ResTime" : 334.0,
    "pct2ResTime" : 334.0,
    "pct3ResTime" : 334.0,
    "throughput" : 1.4236902050113895,
    "receivedKBytesPerSec" : 5.312422141941913,
    "sentKBytesPerSec" : 4.341142867312072
  },
  "Enter Login Cre-and Login-1" : {
    "transaction" : "Enter Login Cre-and Login-1",
    "sampleCount" : 10,
    "errorCount" : 10,
    "errorPct" : 100.0,
    "meanResTime" : 366.8999999999999,
    "medianResTime" : 366.0,
    "minResTime" : 319.0,
    "maxResTime" : 398.0,
    "pct1ResTime" : 398.0,
    "pct2ResTime" : 398.0,
    "pct3ResTime" : 398.0,
    "throughput" : 1.4144271570014144,
    "receivedKBytesPerSec" : 1.7036664603960396,
    "sentKBytesPerSec" : 2.874436439179632
  },
  "Click on Sign Out" : {
    "transaction" : "Click on Sign Out",
    "sampleCount" : 20,
    "errorCount" : 0,
    "errorPct" : 0.0,
    "meanResTime" : 1830.9499999999998,
    "medianResTime" : 1964.0,
    "minResTime" : 433.0,
    "maxResTime" : 2852.0,
    "pct1ResTime" : 2374.2000000000003,
    "pct2ResTime" : 2829.0499999999997,
    "pct3ResTime" : 2852.0,
    "throughput" : 0.07698259038718394,
    "receivedKBytesPerSec" : 0.15458164292395277,
    "sentKBytesPerSec" : 0.13455038197799069
  },
  "Enter Login Cre-and Login" : {
    "transaction" : "Enter Login Cre-and Login",
    "sampleCount" : 10,
    "errorCount" : 10,
    "errorPct" : 100.0,
    "meanResTime" : 3758.1,
    "medianResTime" : 3718.0,
    "minResTime" : 2757.0,
    "maxResTime" : 4772.0,
    "pct1ResTime" : 4722.2,
    "pct2ResTime" : 4772.0,
    "pct3ResTime" : 4772.0,
    "throughput" : 1.0198878123406425,
    "receivedKBytesPerSec" : 393.00779258031616,
    "sentKBytesPerSec" : 10.036831495410505
  },
  "Search for Dubai Marina Yacht - Shared Tour-1" : {
    "transaction" : "Search for Dubai Marina Yacht - Shared Tour-1",
    "sampleCount" : 10,
    "errorCount" : 0,
    "errorPct" : 0.0,
    "meanResTime" : 1537.1999999999998,
    "medianResTime" : 1847.0,
    "minResTime" : 326.0,
    "maxResTime" : 3252.0,
    "pct1ResTime" : 3134.4000000000005,
    "pct2ResTime" : 3252.0,
    "pct3ResTime" : 3252.0,
    "throughput" : 1.179106237471996,
    "receivedKBytesPerSec" : 1.5622006175568919,
    "sentKBytesPerSec" : 1.1073695982195495
  },
  "Click on Sign Out-1-0" : {
    "transaction" : "Click on Sign Out-1-0",
    "sampleCount" : 10,
    "errorCount" : 0,
    "errorPct" : 0.0,
    "meanResTime" : 327.29999999999995,
    "medianResTime" : 329.0,
    "minResTime" : 299.0,
    "maxResTime" : 358.0,
    "pct1ResTime" : 357.1,
    "pct2ResTime" : 358.0,
    "pct3ResTime" : 358.0,
    "throughput" : 1.6278691193228065,
    "receivedKBytesPerSec" : 1.195466384502686,
    "sentKBytesPerSec" : 1.480661423571545
  },
  "Enter Location, In&OutDate , & Headcount" : {
    "transaction" : "Enter Location, In&OutDate , & Headcount",
    "sampleCount" : 20,
    "errorCount" : 0,
    "errorPct" : 0.0,
    "meanResTime" : 0.0,
    "medianResTime" : 0.0,
    "minResTime" : 0.0,
    "maxResTime" : 0.0,
    "pct1ResTime" : 0.0,
    "pct2ResTime" : 0.0,
    "pct3ResTime" : 0.0,
    "throughput" : 0.1530596626565035,
    "receivedKBytesPerSec" : 0.0,
    "sentKBytesPerSec" : 0.0
  },
  "Click on Sign Out-1" : {
    "transaction" : "Click on Sign Out-1",
    "sampleCount" : 10,
    "errorCount" : 0,
    "errorPct" : 0.0,
    "meanResTime" : 1224.9,
    "medianResTime" : 1474.0,
    "minResTime" : 386.0,
    "maxResTime" : 1636.0,
    "pct1ResTime" : 1634.7,
    "pct2ResTime" : 1636.0,
    "pct3ResTime" : 1636.0,
    "throughput" : 1.6129032258064515,
    "receivedKBytesPerSec" : 3.8035534274193545,
    "sentKBytesPerSec" : 2.6715284778225805
  },
  "Click on Sign Out-2" : {
    "transaction" : "Click on Sign Out-2",
    "sampleCount" : 10,
    "errorCount" : 0,
    "errorPct" : 0.0,
    "meanResTime" : 374.3,
    "medianResTime" : 450.5,
    "minResTime" : 47.0,
    "maxResTime" : 490.0,
    "pct1ResTime" : 486.6,
    "pct2ResTime" : 490.0,
    "pct3ResTime" : 490.0,
    "throughput" : 2.166377816291161,
    "receivedKBytesPerSec" : 2.8700274859185444,
    "sentKBytesPerSec" : 1.617801871208839
  },
  "Click on Sign Out-1-1" : {
    "transaction" : "Click on Sign Out-1-1",
    "sampleCount" : 10,
    "errorCount" : 0,
    "errorPct" : 0.0,
    "meanResTime" : 897.1999999999998,
    "medianResTime" : 1175.0,
    "minResTime" : 57.0,
    "maxResTime" : 1293.0,
    "pct1ResTime" : 1292.1,
    "pct2ResTime" : 1293.0,
    "pct3ResTime" : 1293.0,
    "throughput" : 1.7099863201094392,
    "receivedKBytesPerSec" : 2.7767238799589604,
    "sentKBytesPerSec" : 1.276979041980164
  },
  "Click on Sign Out-3" : {
    "transaction" : "Click on Sign Out-3",
    "sampleCount" : 10,
    "errorCount" : 0,
    "errorPct" : 0.0,
    "meanResTime" : 2062.7000000000003,
    "medianResTime" : 1964.0,
    "minResTime" : 1568.0,
    "maxResTime" : 2852.0,
    "pct1ResTime" : 2806.1000000000004,
    "pct2ResTime" : 2852.0,
    "pct3ResTime" : 2852.0,
    "throughput" : 1.6244314489928524,
    "receivedKBytesPerSec" : 0.5409483633853152,
    "sentKBytesPerSec" : 1.7746596308479532
  },
  "Enter Location, In&OutDate , & Headcount-6" : {
    "transaction" : "Enter Location, In&OutDate , & Headcount-6",
    "sampleCount" : 10,
    "errorCount" : 0,
    "errorPct" : 0.0,
    "meanResTime" : 1856.4,
    "medianResTime" : 2119.0,
    "minResTime" : 893.0,
    "maxResTime" : 2563.0,
    "pct1ResTime" : 2558.4,
    "pct2ResTime" : 2563.0,
    "pct3ResTime" : 2563.0,
    "throughput" : 1.0799136069114472,
    "receivedKBytesPerSec" : 0.35961966792656586,
    "sentKBytesPerSec" : 1.585806729211663
  },
  "Enter Location, In&OutDate , & Headcount-4" : {
    "transaction" : "Enter Location, In&OutDate , & Headcount-4",
    "sampleCount" : 10,
    "errorCount" : 0,
    "errorPct" : 0.0,
    "meanResTime" : 36.2,
    "medianResTime" : 35.0,
    "minResTime" : 29.0,
    "maxResTime" : 47.0,
    "pct1ResTime" : 46.9,
    "pct2ResTime" : 47.0,
    "pct3ResTime" : 47.0,
    "throughput" : 1.2396181975951406,
    "receivedKBytesPerSec" : 0.7227070937151358,
    "sentKBytesPerSec" : 0.7566029038056279
  },
  "Enter Location, In&OutDate , & Headcount-5" : {
    "transaction" : "Enter Location, In&OutDate , & Headcount-5",
    "sampleCount" : 10,
    "errorCount" : 0,
    "errorPct" : 0.0,
    "meanResTime" : 597.8999999999999,
    "medianResTime" : 224.5,
    "minResTime" : 222.0,
    "maxResTime" : 2606.0,
    "pct1ResTime" : 2422.500000000001,
    "pct2ResTime" : 2606.0,
    "pct3ResTime" : 2606.0,
    "throughput" : 1.1388224575788635,
    "receivedKBytesPerSec" : 0.8375460867213301,
    "sentKBytesPerSec" : 1.0131516199749457
  },
  "Enter Location, In&OutDate , & Headcount-2" : {
    "transaction" : "Enter Location, In&OutDate , & Headcount-2",
    "sampleCount" : 10,
    "errorCount" : 0,
    "errorPct" : 0.0,
    "meanResTime" : 265.59999999999997,
    "medianResTime" : 264.0,
    "minResTime" : 261.0,
    "maxResTime" : 276.0,
    "pct1ResTime" : 275.2,
    "pct2ResTime" : 276.0,
    "pct3ResTime" : 276.0,
    "throughput" : 1.349345567399811,
    "receivedKBytesPerSec" : 3.072264834367832,
    "sentKBytesPerSec" : 0.7207929935231413
  },
  "Enter Location, In&OutDate , & Headcount-3" : {
    "transaction" : "Enter Location, In&OutDate , & Headcount-3",
    "sampleCount" : 10,
    "errorCount" : 0,
    "errorPct" : 0.0,
    "meanResTime" : 770.6999999999999,
    "medianResTime" : 766.0,
    "minResTime" : 743.0,
    "maxResTime" : 815.0,
    "pct1ResTime" : 812.5,
    "pct2ResTime" : 815.0,
    "pct3ResTime" : 815.0,
    "throughput" : 1.194885888397658,
    "receivedKBytesPerSec" : 2.7208158456804874,
    "sentKBytesPerSec" : 0.676790835225236
  },